"Host","Before","After","Success","DryRun","Error","Timestamp"
"BURON-HV-P01.ohdc.com","CredSSP","Kerberos","True","False","","2026-04-24 14:16:59"
"CENWA-SECVID-P1.ohdc.com","CredSSP","Kerberos","True","False","","2026-04-24 14:17:04"
"CONOH-SECVID-P1.ohdc.com","CredSSP","Kerberos","True","False","","2026-04-24 14:17:07"
"DALOH-HV-P01.ohdc.com","CredSSP","Kerberos","True","False","","2026-04-24 14:17:10"
"DALTX-HV-P01.ohdc.com","CredSSP","Kerberos","True","False","","2026-04-24 14:17:17"
"grine-hv-p01.ohdc.com","CredSSP","Kerberos","True","False","","2026-04-24 14:17:23"
"LEWPA-HV-P01.ohdc.com","CredSSP","Kerberos","True","False","","2026-04-24 14:17:29"
"LEWTX-HV-SW02.ohdc.com","CredSSP","Kerberos","True","False","","2026-04-24 14:17:31"
"LEWTX-HV-SW03.ohdc.com","CredSSP","Kerberos","True","False","","2026-04-24 14:17:33"
"LEWTX-HV-SW04.ohdc.com","CredSSP","Kerberos","True","False","","2026-04-24 14:17:35"
"LEWTX-ITCCS-P02.ohdc.com","CredSSP","Kerberos","True","False","","2026-04-24 14:17:37"
"LONNH-HV-P01.ohdc.com","CredSSP","Kerberos","True","False","","2026-04-24 14:17:40"
"MATMX-HV-P01.ohdc.com","CredSSP","Kerberos","True","False","","2026-04-24 14:17:48"
"MATMX-HV-P02.ohdc.com","CredSSP","Kerberos","True","False","","2026-04-24 14:17:56"
"MATTM-SECVID-P1.ohdc.com","CredSSP","Kerberos","True","False","","2026-04-24 14:18:00"
"mhoh-hv-p06","CredSSP","Kerberos","True","False","","2026-04-24 14:18:04"
"mhoh-hv-p07","CredSSP","Kerberos","True","False","","2026-04-24 14:18:07"
"MTHOH-ITCCS-P01.ohdc.com","CredSSP","Kerberos","True","False","","2026-04-24 14:18:16"
"PENFL-HV-P01.ohdc.com","CredSSP","Kerberos","True","False","","2026-04-24 14:18:23"
"RICTX-CVTHV-P1.ohdc.com","CredSSP","Kerberos","True","False","","2026-04-24 14:18:27"
"RICTX-UCSHV-P1.ohdc.com","CredSSP","Kerberos","True","False","","2026-04-24 14:18:30"
"RICTX-UCSHV-P2.ohdc.com","CredSSP","Kerberos","True","False","","2026-04-24 14:18:32"
"RICTX-UCSHV-P3.ohdc.com","CredSSP","Kerberos","True","False","","2026-04-24 14:18:34"
"RICTX-UCSHV-P6.ohdc.com","CredSSP","Kerberos","True","False","","2026-04-24 14:18:37"
"RICTX-UCSHV-P7.ohdc.com","CredSSP","Kerberos","True","False","","2026-04-24 14:18:39"
"RICTX-UCSHV-P8.ohdc.com","CredSSP","Kerberos","True","False","","2026-04-24 14:18:41"
"SwingGear1.ohdc.com","CredSSP","Kerberos","True","False","","2026-04-24 14:18:45"
"wilpa-hv-p01.ohdc.com","CredSSP","Kerberos","True","False","","2026-04-24 14:18:54"
