"Timestamp","Mode","Source","Destination","Action","Status","Detail"
"2026-04-24 10:58:32","RBCD","MHOH-HV-P02","MHOH-HV-P01","RBCD","Added","Added MHOH-HV-P02 to RBCD principals on MHOH-HV-P01"
"2026-04-24 10:58:32","RBCD","MHOH-HV-P03","MHOH-HV-P01","RBCD","Added","Added MHOH-HV-P03 to RBCD principals on MHOH-HV-P01"
"2026-04-24 10:58:32","RBCD","MHOH-HV-P04","MHOH-HV-P01","RBCD","Added","Added MHOH-HV-P04 to RBCD principals on MHOH-HV-P01"
"2026-04-24 10:58:32","RBCD","MHOH-HV-P05","MHOH-HV-P01","RBCD","Added","Added MHOH-HV-P05 to RBCD principals on MHOH-HV-P01"
"2026-04-24 10:58:32","RBCD","MHOH-HV-P06","MHOH-HV-P01","RBCD","Added","Added MHOH-HV-P06 to RBCD principals on MHOH-HV-P01"
"2026-04-24 10:58:32","RBCD","MHOH-HV-P07","MHOH-HV-P01","RBCD","Added","Added MHOH-HV-P07 to RBCD principals on MHOH-HV-P01"
"2026-04-24 10:58:32","RBCD","MHOH-SECVID-P1","MHOH-HV-P01","RBCD","Added","Added MHOH-SECVID-P1 to RBCD principals on MHOH-HV-P01"
"2026-04-24 10:58:32","RBCD","MHOH-HV-P01","MHOH-HV-P02","RBCD","Added","Added MHOH-HV-P01 to RBCD principals on MHOH-HV-P02"
"2026-04-24 10:58:32","RBCD","MHOH-HV-P03","MHOH-HV-P02","RBCD","Added","Added MHOH-HV-P03 to RBCD principals on MHOH-HV-P02"
"2026-04-24 10:58:32","RBCD","MHOH-HV-P04","MHOH-HV-P02","RBCD","Added","Added MHOH-HV-P04 to RBCD principals on MHOH-HV-P02"
"2026-04-24 10:58:32","RBCD","MHOH-HV-P05","MHOH-HV-P02","RBCD","Added","Added MHOH-HV-P05 to RBCD principals on MHOH-HV-P02"
"2026-04-24 10:58:32","RBCD","MHOH-HV-P06","MHOH-HV-P02","RBCD","Added","Added MHOH-HV-P06 to RBCD principals on MHOH-HV-P02"
"2026-04-24 10:58:32","RBCD","MHOH-HV-P07","MHOH-HV-P02","RBCD","Added","Added MHOH-HV-P07 to RBCD principals on MHOH-HV-P02"
"2026-04-24 10:58:32","RBCD","MHOH-SECVID-P1","MHOH-HV-P02","RBCD","Added","Added MHOH-SECVID-P1 to RBCD principals on MHOH-HV-P02"
"2026-04-24 10:58:33","RBCD","MHOH-HV-P01","MHOH-HV-P03","RBCD","Added","Added MHOH-HV-P01 to RBCD principals on MHOH-HV-P03"
"2026-04-24 10:58:33","RBCD","MHOH-HV-P02","MHOH-HV-P03","RBCD","Added","Added MHOH-HV-P02 to RBCD principals on MHOH-HV-P03"
"2026-04-24 10:58:33","RBCD","MHOH-HV-P04","MHOH-HV-P03","RBCD","Added","Added MHOH-HV-P04 to RBCD principals on MHOH-HV-P03"
"2026-04-24 10:58:33","RBCD","MHOH-HV-P05","MHOH-HV-P03","RBCD","Added","Added MHOH-HV-P05 to RBCD principals on MHOH-HV-P03"
"2026-04-24 10:58:33","RBCD","MHOH-HV-P06","MHOH-HV-P03","RBCD","Added","Added MHOH-HV-P06 to RBCD principals on MHOH-HV-P03"
"2026-04-24 10:58:33","RBCD","MHOH-HV-P07","MHOH-HV-P03","RBCD","Added","Added MHOH-HV-P07 to RBCD principals on MHOH-HV-P03"
"2026-04-24 10:58:33","RBCD","MHOH-SECVID-P1","MHOH-HV-P03","RBCD","Added","Added MHOH-SECVID-P1 to RBCD principals on MHOH-HV-P03"
"2026-04-24 10:58:33","RBCD","MHOH-HV-P01","MHOH-HV-P04","RBCD","Added","Added MHOH-HV-P01 to RBCD principals on MHOH-HV-P04"
"2026-04-24 10:58:33","RBCD","MHOH-HV-P02","MHOH-HV-P04","RBCD","Added","Added MHOH-HV-P02 to RBCD principals on MHOH-HV-P04"
"2026-04-24 10:58:33","RBCD","MHOH-HV-P03","MHOH-HV-P04","RBCD","Added","Added MHOH-HV-P03 to RBCD principals on MHOH-HV-P04"
"2026-04-24 10:58:33","RBCD","MHOH-HV-P05","MHOH-HV-P04","RBCD","Added","Added MHOH-HV-P05 to RBCD principals on MHOH-HV-P04"
"2026-04-24 10:58:33","RBCD","MHOH-HV-P06","MHOH-HV-P04","RBCD","Added","Added MHOH-HV-P06 to RBCD principals on MHOH-HV-P04"
"2026-04-24 10:58:33","RBCD","MHOH-HV-P07","MHOH-HV-P04","RBCD","Added","Added MHOH-HV-P07 to RBCD principals on MHOH-HV-P04"
"2026-04-24 10:58:33","RBCD","MHOH-SECVID-P1","MHOH-HV-P04","RBCD","Added","Added MHOH-SECVID-P1 to RBCD principals on MHOH-HV-P04"
"2026-04-24 10:58:33","RBCD","MHOH-HV-P01","MHOH-HV-P05","RBCD","Added","Added MHOH-HV-P01 to RBCD principals on MHOH-HV-P05"
"2026-04-24 10:58:33","RBCD","MHOH-HV-P02","MHOH-HV-P05","RBCD","Added","Added MHOH-HV-P02 to RBCD principals on MHOH-HV-P05"
"2026-04-24 10:58:33","RBCD","MHOH-HV-P03","MHOH-HV-P05","RBCD","Added","Added MHOH-HV-P03 to RBCD principals on MHOH-HV-P05"
"2026-04-24 10:58:33","RBCD","MHOH-HV-P04","MHOH-HV-P05","RBCD","Added","Added MHOH-HV-P04 to RBCD principals on MHOH-HV-P05"
"2026-04-24 10:58:33","RBCD","MHOH-HV-P06","MHOH-HV-P05","RBCD","Added","Added MHOH-HV-P06 to RBCD principals on MHOH-HV-P05"
"2026-04-24 10:58:33","RBCD","MHOH-HV-P07","MHOH-HV-P05","RBCD","Added","Added MHOH-HV-P07 to RBCD principals on MHOH-HV-P05"
"2026-04-24 10:58:33","RBCD","MHOH-SECVID-P1","MHOH-HV-P05","RBCD","Added","Added MHOH-SECVID-P1 to RBCD principals on MHOH-HV-P05"
"2026-04-24 10:58:33","RBCD","MHOH-HV-P01","MHOH-HV-P06","RBCD","Added","Added MHOH-HV-P01 to RBCD principals on MHOH-HV-P06"
"2026-04-24 10:58:33","RBCD","MHOH-HV-P02","MHOH-HV-P06","RBCD","Added","Added MHOH-HV-P02 to RBCD principals on MHOH-HV-P06"
"2026-04-24 10:58:33","RBCD","MHOH-HV-P03","MHOH-HV-P06","RBCD","Added","Added MHOH-HV-P03 to RBCD principals on MHOH-HV-P06"
"2026-04-24 10:58:33","RBCD","MHOH-HV-P04","MHOH-HV-P06","RBCD","Added","Added MHOH-HV-P04 to RBCD principals on MHOH-HV-P06"
"2026-04-24 10:58:33","RBCD","MHOH-HV-P05","MHOH-HV-P06","RBCD","Added","Added MHOH-HV-P05 to RBCD principals on MHOH-HV-P06"
"2026-04-24 10:58:33","RBCD","MHOH-HV-P07","MHOH-HV-P06","RBCD","Added","Added MHOH-HV-P07 to RBCD principals on MHOH-HV-P06"
"2026-04-24 10:58:33","RBCD","MHOH-SECVID-P1","MHOH-HV-P06","RBCD","Added","Added MHOH-SECVID-P1 to RBCD principals on MHOH-HV-P06"
"2026-04-24 10:58:33","RBCD","MHOH-HV-P01","MHOH-HV-P07","RBCD","Added","Added MHOH-HV-P01 to RBCD principals on MHOH-HV-P07"
"2026-04-24 10:58:33","RBCD","MHOH-HV-P02","MHOH-HV-P07","RBCD","Added","Added MHOH-HV-P02 to RBCD principals on MHOH-HV-P07"
"2026-04-24 10:58:33","RBCD","MHOH-HV-P03","MHOH-HV-P07","RBCD","Added","Added MHOH-HV-P03 to RBCD principals on MHOH-HV-P07"
"2026-04-24 10:58:33","RBCD","MHOH-HV-P04","MHOH-HV-P07","RBCD","Added","Added MHOH-HV-P04 to RBCD principals on MHOH-HV-P07"
"2026-04-24 10:58:33","RBCD","MHOH-HV-P05","MHOH-HV-P07","RBCD","Added","Added MHOH-HV-P05 to RBCD principals on MHOH-HV-P07"
"2026-04-24 10:58:33","RBCD","MHOH-HV-P06","MHOH-HV-P07","RBCD","Added","Added MHOH-HV-P06 to RBCD principals on MHOH-HV-P07"
"2026-04-24 10:58:33","RBCD","MHOH-SECVID-P1","MHOH-HV-P07","RBCD","Added","Added MHOH-SECVID-P1 to RBCD principals on MHOH-HV-P07"
"2026-04-24 10:58:33","RBCD","MHOH-HV-P01","MHOH-SECVID-P1","RBCD","Added","Added MHOH-HV-P01 to RBCD principals on MHOH-SECVID-P1"
"2026-04-24 10:58:33","RBCD","MHOH-HV-P02","MHOH-SECVID-P1","RBCD","Added","Added MHOH-HV-P02 to RBCD principals on MHOH-SECVID-P1"
"2026-04-24 10:58:33","RBCD","MHOH-HV-P03","MHOH-SECVID-P1","RBCD","Added","Added MHOH-HV-P03 to RBCD principals on MHOH-SECVID-P1"
"2026-04-24 10:58:33","RBCD","MHOH-HV-P04","MHOH-SECVID-P1","RBCD","Added","Added MHOH-HV-P04 to RBCD principals on MHOH-SECVID-P1"
"2026-04-24 10:58:33","RBCD","MHOH-HV-P05","MHOH-SECVID-P1","RBCD","Added","Added MHOH-HV-P05 to RBCD principals on MHOH-SECVID-P1"
"2026-04-24 10:58:33","RBCD","MHOH-HV-P06","MHOH-SECVID-P1","RBCD","Added","Added MHOH-HV-P06 to RBCD principals on MHOH-SECVID-P1"
"2026-04-24 10:58:33","RBCD","MHOH-HV-P07","MHOH-SECVID-P1","RBCD","Added","Added MHOH-HV-P07 to RBCD principals on MHOH-SECVID-P1"
